date,home_team,score,away_team
17-08-2024,,Arsenal,2 - 0
31-08-2024,,Arsenal,1 - 1
28-09-2024,,Arsenal,4 - 2
05-10-2024,,Arsenal,3 - 1
27-10-2024,,Arsenal,2 - 2
23-11-2024,,Arsenal,3 - 0
04-12-2024,,Arsenal,2 - 0
14-12-2024,,Arsenal,0 - 0
27-12-2024,,Arsenal,1 - 0
15-01-2025,,Arsenal,2 - 1
18-01-2025,,Arsenal,2 - 2
02-02-2025,,Arsenal,5 - 1
24-08-2024,,Aston Villa,0 - 2
15-09-2024,,Tottenham,0 - 1
22-09-2024,,Man City,2 - 2
19-10-2024,,Bournemouth,2 - 0
02-11-2024,,Newcastle,1 - 0
10-11-2024,,Chelsea,1 - 1
30-11-2024,,West Ham,2 - 5
08-12-2024,,Fulham,1 - 1
21-12-2024,,Crystal Palace,1 - 5
01-01-2025,,Brentford,1 - 3
04-01-2025,,Brighton,1 - 1
25-01-2025,,Wolves,0 - 1
15-02-2025,,Leicester,0 - 2
24-08-2024,,Aston Villa,0 - 2
14-09-2024,,Aston Villa,3 - 2
21-09-2024,,Aston Villa,3 - 1
06-10-2024,,Aston Villa,0 - 0
26-10-2024,,Aston Villa,1 - 1
23-11-2024,,Aston Villa,2 - 2
04-12-2024,,Aston Villa,3 - 1
07-12-2024,,Aston Villa,1 - 0
21-12-2024,,Aston Villa,2 - 1
30-12-2024,,Aston Villa,2 - 2
04-01-2025,,Aston Villa,2 - 1
26-01-2025,,Aston Villa,1 - 1
15-02-2025,,Aston Villa,1 - 1
17-08-2024,,West Ham,1 - 2
31-08-2024,,Leicester,1 - 2
29-09-2024,,Ipswich,2 - 2
19-10-2024,,Fulham,1 - 3
03-11-2024,,Tottenham,4 - 1
09-11-2024,,Liverpool,2 - 0
01-12-2024,,Chelsea,3 - 0
14-12-2024,,Nott'm Forest,2 - 1
26-12-2024,,Newcastle,3 - 0
15-01-2025,,Everton,0 - 1
18-01-2025,,Arsenal,2 - 2
01-02-2025,,Wolves,2 - 0
25-08-2024,,Bournemouth,1 - 1
14-09-2024,,Bournemouth,0 - 1
30-09-2024,,Bournemouth,3 - 1
19-10-2024,,Bournemouth,2 - 0
02-11-2024,,Bournemouth,2 - 1
23-11-2024,,Bournemouth,1 - 2
05-12-2024,,Bournemouth,1 - 0
16-12-2024,,Bournemouth,1 - 1
26-12-2024,,Bournemouth,0 - 0
04-01-2025,,Bournemouth,1 - 0
25-01-2025,,Bournemouth,5 - 0
01-02-2025,,Bournemouth,0 - 2
17-08-2024,,Nott'm Forest,1 - 1
31-08-2024,,Everton,2 - 3
21-09-2024,,Liverpool,3 - 0
05-10-2024,,Leicester,1 - 0
26-10-2024,,Aston Villa,1 - 1
09-11-2024,,Brentford,3 - 2
30-11-2024,,Wolves,2 - 4
08-12-2024,,Ipswich,1 - 2
22-12-2024,,Man United,0 - 3
29-12-2024,,Fulham,2 - 2
14-01-2025,,Chelsea,2 - 2
18-01-2025,,Newcastle,1 - 4
15-02-2025,,Southampton,1 - 3
18-08-2024,,Brentford,2 - 1
31-08-2024,,Brentford,3 - 1
28-09-2024,,Brentford,1 - 1
05-10-2024,,Brentford,5 - 3
26-10-2024,,Brentford,4 - 3
09-11-2024,,Brentford,3 - 2
30-11-2024,,Brentford,4 - 1
07-12-2024,,Brentford,4 - 2
21-12-2024,,Brentford,0 - 2
01-01-2025,,Brentford,1 - 3
14-01-2025,,Brentford,2 - 2
18-01-2025,,Brentford,0 - 2
02-02-2025,,Brentford,0 - 2
25-08-2024,,Liverpool,2 - 0
14-09-2024,,Man City,2 - 1
21-09-2024,,Tottenham,3 - 1
19-10-2024,,Man United,2 - 1
04-11-2024,,Fulham,2 - 1
23-11-2024,,Everton,0 - 0
04-12-2024,,Aston Villa,3 - 1
15-12-2024,,Chelsea,2 - 1
27-12-2024,,Brighton,0 - 0
04-01-2025,,Southampton,0 - 5
26-01-2025,,Crystal Palace,1 - 2
15-02-2025,,West Ham,0 - 1
24-08-2024,,Brighton,2 - 1
14-09-2024,,Brighton,0 - 0
22-09-2024,,Brighton,2 - 2
06-10-2024,,Brighton,3 - 2
26-10-2024,,Brighton,2 - 2
09-11-2024,,Brighton,2 - 1
29-11-2024,,Brighton,1 - 1
15-12-2024,,Brighton,1 - 3
27-12-2024,,Brighton,0 - 0
04-01-2025,,Brighton,1 - 1
25-01-2025,,Brighton,0 - 1
14-02-2025,,Brighton,3 - 0
17-08-2024,,Everton,0 - 3
31-08-2024,,Arsenal,1 - 1
28-09-2024,,Chelsea,4 - 2
19-10-2024,,Newcastle,0 - 1
02-11-2024,,Liverpool,2 - 1
23-11-2024,,Bournemouth,1 - 2
05-12-2024,,Fulham,3 - 1
08-12-2024,,Leicester,2 - 2
21-12-2024,,West Ham,1 - 1
30-12-2024,,Aston Villa,2 - 2
16-01-2025,,Ipswich,0 - 2
19-01-2025,,Man United,1 - 3
01-02-2025,,Nott'm Forest,7 - 0
18-08-2024,,Chelsea,0 - 2
01-09-2024,,Chelsea,1 - 1
28-09-2024,,Chelsea,4 - 2
06-10-2024,,Chelsea,1 - 1
27-10-2024,,Chelsea,2 - 1
10-11-2024,,Chelsea,1 - 1
01-12-2024,,Chelsea,3 - 0
15-12-2024,,Chelsea,2 - 1
26-12-2024,,Chelsea,1 - 2
14-01-2025,,Chelsea,2 - 2
20-01-2025,,Chelsea,3 - 1
03-02-2025,,Chelsea,2 - 1
25-08-2024,,Wolves,2 - 6
14-09-2024,,Bournemouth,0 - 1
21-09-2024,,West Ham,0 - 3
20-10-2024,,Liverpool,2 - 1
03-11-2024,,Man United,1 - 1
23-11-2024,,Leicester,1 - 2
04-12-2024,,Southampton,1 - 5
08-12-2024,,Tottenham,3 - 4
22-12-2024,,Everton,0 - 0
30-12-2024,,Ipswich,2 - 0
04-01-2025,,Crystal Palace,1 - 1
25-01-2025,,Man City,3 - 1
14-02-2025,,Brighton,3 - 0
24-08-2024,,Crystal Palace,0 - 2
14-09-2024,,Crystal Palace,2 - 2
21-09-2024,,Crystal Palace,0 - 0
05-10-2024,,Crystal Palace,0 - 1
27-10-2024,,Crystal Palace,1 - 0
09-11-2024,,Crystal Palace,0 - 2
30-11-2024,,Crystal Palace,1 - 1
07-12-2024,,Crystal Palace,2 - 2
21-12-2024,,Crystal Palace,1 - 5
29-12-2024,,Crystal Palace,2 - 1
04-01-2025,,Crystal Palace,1 - 1
26-01-2025,,Crystal Palace,1 - 2
15-02-2025,,Crystal Palace,1 - 2
18-08-2024,,Brentford,2 - 1
01-09-2024,,Chelsea,1 - 1
28-09-2024,,Everton,2 - 1
21-10-2024,,Nott'm Forest,1 - 0
02-11-2024,,Wolves,2 - 2
23-11-2024,,Aston Villa,2 - 2
03-12-2024,,Ipswich,0 - 1
15-12-2024,,Brighton,1 - 3
26-12-2024,,Bournemouth,0 - 0
15-01-2025,,Leicester,0 - 2
18-01-2025,,West Ham,0 - 2
02-02-2025,,Man United,0 - 2
17-08-2024,,Everton,0 - 3
31-08-2024,,Everton,2 - 3
28-09-2024,,Everton,2 - 1
05-10-2024,,Everton,0 - 0
26-10-2024,,Everton,1 - 1
23-11-2024,,Everton,0 - 0
04-12-2024,,Everton,4 - 0
22-12-2024,,Everton,0 - 0
29-12-2024,,Everton,0 - 2
15-01-2025,,Everton,0 - 1
19-01-2025,,Everton,3 - 2
01-02-2025,,Everton,4 - 0
12-02-2025,,Everton,2 - 2
24-08-2024,,Tottenham,4 - 0
14-09-2024,,Aston Villa,3 - 2
21-09-2024,,Leicester,1 - 1
19-10-2024,,Ipswich,0 - 2
02-11-2024,,Southampton,1 - 0
09-11-2024,,West Ham,0 - 0
01-12-2024,,Man United,4 - 0
14-12-2024,,Arsenal,0 - 0
26-12-2024,,Man City,1 - 1
04-01-2025,,Bournemouth,1 - 0
25-01-2025,,Brighton,0 - 1
15-02-2025,,Crystal Palace,1 - 2
24-08-2024,,Fulham,2 - 1
14-09-2024,,Fulham,1 - 1
21-09-2024,,Fulham,3 - 1
19-10-2024,,Fulham,1 - 3
04-11-2024,,Fulham,2 - 1
23-11-2024,,Fulham,1 - 4
05-12-2024,,Fulham,3 - 1
08-12-2024,,Fulham,1 - 1
22-12-2024,,Fulham,0 - 0
29-12-2024,,Fulham,2 - 2
05-01-2025,,Fulham,2 - 2
26-01-2025,,Fulham,0 - 1
15-02-2025,,Fulham,2 - 1
16-08-2024,,Man United,1 - 0
31-08-2024,,Ipswich,1 - 1
28-09-2024,,Nott'm Forest,0 - 1
05-10-2024,,Man City,3 - 2
26-10-2024,,Everton,1 - 1
09-11-2024,,Crystal Palace,0 - 2
01-12-2024,,Tottenham,1 - 1
14-12-2024,,Liverpool,2 - 2
26-12-2024,,Chelsea,1 - 2
14-01-2025,,West Ham,3 - 2
18-01-2025,,Leicester,0 - 2
01-02-2025,,Newcastle,1 - 2
17-08-2024,,Ipswich,0 - 2
31-08-2024,,Ipswich,1 - 1
29-09-2024,,Ipswich,2 - 2
19-10-2024,,Ipswich,0 - 2
02-11-2024,,Ipswich,1 - 1
24-11-2024,,Ipswich,1 - 1
03-12-2024,,Ipswich,0 - 1
08-12-2024,,Ipswich,1 - 2
21-12-2024,,Ipswich,0 - 4
30-12-2024,,Ipswich,2 - 0
16-01-2025,,Ipswich,0 - 2
19-01-2025,,Ipswich,0 - 6
01-02-2025,,Ipswich,1 - 2
24-08-2024,,Man City,4 - 1
14-09-2024,,Brighton,0 - 0
21-09-2024,,Southampton,1 - 1
05-10-2024,,West Ham,4 - 1
26-10-2024,,Brentford,4 - 3
10-11-2024,,Tottenham,1 - 2
30-11-2024,,Nott'm Forest,1 - 0
14-12-2024,,Wolves,1 - 2
27-12-2024,,Arsenal,1 - 0
05-01-2025,,Fulham,2 - 2
25-01-2025,,Liverpool,4 - 1
15-02-2025,,Aston Villa,1 - 1
19-08-2024,,Leicester,1 - 1
31-08-2024,,Leicester,1 - 2
21-09-2024,,Leicester,1 - 1
05-10-2024,,Leicester,1 - 0
25-10-2024,,Leicester,1 - 3
23-11-2024,,Leicester,1 - 2
03-12-2024,,Leicester,3 - 1
08-12-2024,,Leicester,2 - 2
22-12-2024,,Leicester,0 - 3
29-12-2024,,Leicester,0 - 2
15-01-2025,,Leicester,0 - 2
18-01-2025,,Leicester,0 - 2
15-02-2025,,Leicester,0 - 2
24-08-2024,,Fulham,2 - 1
14-09-2024,,Crystal Palace,2 - 2
28-09-2024,,Arsenal,4 - 2
19-10-2024,,Southampton,2 - 3
02-11-2024,,Ipswich,1 - 1
10-11-2024,,Man United,3 - 0
30-11-2024,,Brentford,4 - 1
14-12-2024,,Newcastle,4 - 0
26-12-2024,,Liverpool,3 - 1
04-01-2025,,Aston Villa,2 - 1
26-01-2025,,Tottenham,1 - 2
01-02-2025,,Everton,4 - 0
25-08-2024,,Liverpool,2 - 0
14-09-2024,,Liverpool,0 - 1
21-09-2024,,Liverpool,3 - 0
20-10-2024,,Liverpool,2 - 1
02-11-2024,,Liverpool,2 - 1
09-11-2024,,Liverpool,2 - 0
01-12-2024,,Liverpool,2 - 0
14-12-2024,,Liverpool,2 - 2
26-12-2024,,Liverpool,3 - 1
05-01-2025,,Liverpool,2 - 2
25-01-2025,,Liverpool,4 - 1
16-02-2025,,Liverpool,2 - 1
17-08-2024,,Ipswich,0 - 2
01-09-2024,,Man United,0 - 3
28-09-2024,,Wolves,1 - 2
05-10-2024,,Crystal Palace,0 - 1
27-10-2024,,Arsenal,2 - 2
24-11-2024,,Southampton,2 - 3
04-12-2024,,Newcastle,3 - 3
22-12-2024,,Tottenham,3 - 6
29-12-2024,,West Ham,0 - 5
14-01-2025,,Nott'm Forest,1 - 1
18-01-2025,,Brentford,0 - 2
01-02-2025,,Bournemouth,0 - 2
12-02-2025,,Everton,2 - 2
24-08-2024,,Man City,4 - 1
14-09-2024,,Man City,2 - 1
22-09-2024,,Man City,2 - 2
05-10-2024,,Man City,3 - 2
26-10-2024,,Man City,1 - 0
23-11-2024,,Man City,0 - 4
04-12-2024,,Man City,3 - 0
15-12-2024,,Man City,1 - 2
26-12-2024,,Man City,1 - 1
04-01-2025,,Man City,4 - 1
25-01-2025,,Man City,3 - 1
15-02-2025,,Man City,4 - 0
18-08-2024,,Chelsea,0 - 2
31-08-2024,,West Ham,1 - 3
28-09-2024,,Newcastle,1 - 1
20-10-2024,,Wolves,1 - 2
02-11-2024,,Bournemouth,2 - 1
09-11-2024,,Brighton,2 - 1
01-12-2024,,Liverpool,2 - 0
07-12-2024,,Crystal Palace,2 - 2
21-12-2024,,Aston Villa,2 - 1
29-12-2024,,Leicester,0 - 2
14-01-2025,,Brentford,2 - 2
19-01-2025,,Ipswich,0 - 6
02-02-2025,,Arsenal,5 - 1
16-08-2024,,Man United,1 - 0
01-09-2024,,Man United,0 - 3
29-09-2024,,Man United,0 - 3
19-10-2024,,Man United,2 - 1
03-11-2024,,Man United,1 - 1
10-11-2024,,Man United,3 - 0
01-12-2024,,Man United,4 - 0
07-12-2024,,Man United,2 - 3
22-12-2024,,Man United,0 - 3
30-12-2024,,Man United,0 - 2
16-01-2025,,Man United,3 - 1
19-01-2025,,Man United,1 - 3
02-02-2025,,Man United,0 - 2
24-08-2024,,Brighton,2 - 1
14-09-2024,,Southampton,0 - 3
21-09-2024,,Crystal Palace,0 - 0
06-10-2024,,Aston Villa,0 - 0
27-10-2024,,West Ham,2 - 1
24-11-2024,,Ipswich,1 - 1
04-12-2024,,Arsenal,2 - 0
15-12-2024,,Man City,1 - 2
26-12-2024,,Wolves,2 - 0
05-01-2025,,Liverpool,2 - 2
26-01-2025,,Fulham,0 - 1
16-02-2025,,Tottenham,1 - 0
17-08-2024,,Newcastle,1 - 0
01-09-2024,,Newcastle,2 - 1
28-09-2024,,Newcastle,1 - 1
19-10-2024,,Newcastle,0 - 1
02-11-2024,,Newcastle,1 - 0
25-11-2024,,Newcastle,0 - 2
04-12-2024,,Newcastle,3 - 3
14-12-2024,,Newcastle,4 - 0
26-12-2024,,Newcastle,3 - 0
15-01-2025,,Newcastle,3 - 0
18-01-2025,,Newcastle,1 - 4
01-02-2025,,Newcastle,1 - 2
25-08-2024,,Bournemouth,1 - 1
15-09-2024,,Wolves,1 - 2
21-09-2024,,Fulham,3 - 1
05-10-2024,,Everton,0 - 0
27-10-2024,,Chelsea,2 - 1
10-11-2024,,Nott'm Forest,1 - 3
30-11-2024,,Crystal Palace,1 - 1
07-12-2024,,Brentford,4 - 2
21-12-2024,,Ipswich,0 - 4
30-12-2024,,Man United,0 - 2
04-01-2025,,Tottenham,1 - 2
25-01-2025,,Southampton,1 - 3
15-02-2025,,Man City,4 - 0
17-08-2024,,Nott'm Forest,1 - 1
31-08-2024,,Nott'm Forest,1 - 1
28-09-2024,,Nott'm Forest,0 - 1
21-10-2024,,Nott'm Forest,1 - 0
02-11-2024,,Nott'm Forest,3 - 0
10-11-2024,,Nott'm Forest,1 - 3
30-11-2024,,Nott'm Forest,1 - 0
14-12-2024,,Nott'm Forest,2 - 1
26-12-2024,,Nott'm Forest,1 - 0
14-01-2025,,Nott'm Forest,1 - 1
19-01-2025,,Nott'm Forest,3 - 2
01-02-2025,,Nott'm Forest,7 - 0
24-08-2024,,Southampton,0 - 1
14-09-2024,,Liverpool,0 - 1
22-09-2024,,Brighton,2 - 2
06-10-2024,,Chelsea,1 - 1
25-10-2024,,Leicester,1 - 3
23-11-2024,,Arsenal,3 - 0
04-12-2024,,Man City,3 - 0
07-12-2024,,Man United,2 - 3
21-12-2024,,Brentford,0 - 2
29-12-2024,,Everton,0 - 2
06-01-2025,,Wolves,0 - 3
25-01-2025,,Bournemouth,5 - 0
15-02-2025,,Fulham,2 - 1
24-08-2024,,Southampton,0 - 1
14-09-2024,,Southampton,0 - 3
21-09-2024,,Southampton,1 - 1
19-10-2024,,Southampton,2 - 3
02-11-2024,,Southampton,1 - 0
24-11-2024,,Southampton,2 - 3
04-12-2024,,Southampton,1 - 5
15-12-2024,,Southampton,0 - 5
26-12-2024,,Southampton,0 - 1
04-01-2025,,Southampton,0 - 5
25-01-2025,,Southampton,1 - 3
15-02-2025,,Southampton,1 - 3
17-08-2024,,Newcastle,1 - 0
31-08-2024,,Brentford,3 - 1
30-09-2024,,Bournemouth,3 - 1
