"5","1","0","(","k",")"," ","P","r","e","m","a","r","k","e","t"," ","N","o","t","i","f","i","c","a","t","i","o","n"
"D","e","v","i","c","e"," ","C","l","a","s","s","i","f","i","c","a","t","i","o","n"," ","U","n","d","e","r"," ","S","e","c","t","i","o","n"," ","5","1","3","(","f",")","(","2",")","(","D","e"," ","N","o","v","o",")"
"M","e","d","S","u","n"," ","R","e","p","o","r","t","s"
"C","D","R","H"," ","F","O","I","A"," ","E","l","e","c","t","r","o","n","i","c"," ","R","e","a","d","i","n","g"," ","R","o","o","m"
"C","L","I","A"," ","-"," ","C","l","i","n","i","c","a","l"," ","L","a","b","o","r","a","t","o","r","y"," ","I","m","p","r","o","v","e","m","e","n","t"," ","A","m","e","n","d","m","e","n","t","s"
"X","-","R","a","y"," ","A","s","s","e","m","b","l","e","r"
"T","P","L","C"," ","-"," ","T","o","t","a","l"," ","P","r","o","d","u","c","t"," ","L","i","f","e"," ","C","y","c","l","e"
"R","e","c","o","g","n","i","z","e","d"," ","C","o","n","s","e","n","s","u","s"," ","S","t","a","n","d","a","r","d","s",":"," ","M","e","d","i","c","a","l"," ","D","e","v","i","c","e","s"
"E","s","t","a","b","l","i","s","h","m","e","n","t"," ","R","e","g","i","s","t","r","a","t","i","o","n"," ","&"," ","D","e","v","i","c","e"," ","L","i","s","t","i","n","g"
"M","e","d","i","c","a","l"," ","D","e","v","i","c","e"," ","R","e","c","a","l","l","s"
"R","a","d","i","a","t","i","o","n","-","E","m","i","t","t","i","n","g"," ","E","l","e","c","t","r","o","n","i","c"," ","P","r","o","d","u","c","t","s"," ","C","o","r","r","e","c","t","i","v","e"," ","A","c","t","i","o","n","s"
"R","a","d","i","a","t","i","o","n"," ","E","m","i","t","t","i","n","g"," ","E","l","e","c","t","r","o","n","i","c"," ","P","r","o","d","u","c","t"," ","C","o","d","e","s"
"5","2","2"," ","P","o","s","t","m","a","r","k","e","t"," ","S","u","r","v","e","i","l","l","a","n","c","e"," ","S","t","u","d","i","e","s"," ","D","a","t","a","b","a","s","e"
"P","o","s","t","-","A","p","p","r","o","v","a","l"," ","S","t","u","d","i","e","s"," ","(","P","A","S",")"," ","D","a","t","a","b","a","s","e"
